--
-- Script was generated by Devart dbForge Studio 2024 for Oracle, Version 4.6.15.0
-- Product home page: http://www.devart.com/dbforge/oracle/studio
-- Script date 13.01.2025 11:16:06
-- Server version: Oracle Database 23ai Free Release 23.0.0.0.0 - Develop, Learn, and Run for Free Version 23.5.0.24.07
-- Client version: 23.5.0.24
--


CONNECT SYS@FREE AS SysDba;

-- 
-- Set default schema
--
ALTER SESSION SET CURRENT_SCHEMA = "SYS";

SET SQLBLANKLINES ON;
SET DEFINE OFF;
ALTER SESSION SET NLS_DATE_FORMAT = 'MM/DD/SYYYY HH24:MI:SS';
ALTER SESSION SET NLS_TIMESTAMP_TZ_FORMAT = 'MM/DD/SYYYY HH24:MI:SS.FF TZH:TZM';
ALTER SESSION SET NLS_TIMESTAMP_FORMAT = 'MM/DD/SYYYY HH24:MI:SS.FF';
ALTER SESSION SET NLS_NUMERIC_CHARACTERS = '.,';
ALTER SESSION SET NLS_NCHAR_CONV_EXCP = FALSE;
ALTER SESSION SET TIME_ZONE = '+02:00';

--
-- Drop table "ART_ACCESS"
--
DROP TABLE ART_ACCESS;

--
-- Drop table "ART_REQUEST"
--
DROP TABLE ART_REQUEST;

--
-- Drop table "ART_ROLE"
--
DROP TABLE ART_ROLE;

--
-- Drop table "ART_SERVICE"
--
DROP TABLE ART_SERVICE;

--
-- Drop table "ART_STATUS"
--
DROP TABLE ART_STATUS;

--
-- Drop table "ART_USER"
--
DROP TABLE ART_USER;

--
-- Drop table "ART_WORKER"
--
DROP TABLE ART_WORKER;

--
-- Drop table "ART_DEPARTMENT"
--
DROP TABLE ART_DEPARTMENT;

--
-- Drop table "ART_POSITION"
--
DROP TABLE ART_POSITION;

--
-- Create table "ART_POSITION"
--
CREATE TABLE ART_POSITION (
  POSITIONID NUMBER(*, 0)      NOT NULL,
  NAME       VARCHAR2(50 BYTE) NOT NULL,
  CONSTRAINT ART_POSITION_PK PRIMARY KEY (POSITIONID) USING INDEX TABLESPACE SYSTEM STORAGE (INITIAL 64 K
                                                                                             NEXT 1 M
                                                                                             MAXEXTENTS UNLIMITED)
)
TABLESPACE SYSTEM
STORAGE (INITIAL 64 K
         NEXT 1 M
         MAXEXTENTS UNLIMITED)
LOGGING;

COMMENT ON TABLE ART_POSITION IS 'Должность';

--
-- Create table "ART_DEPARTMENT"
--
CREATE TABLE ART_DEPARTMENT (
  DEPARTMENTID NUMBER(*, 0)       NOT NULL,
  NAME         VARCHAR2(255 CHAR) NOT NULL,
  CONSTRAINT PK_DEPARTMENTID PRIMARY KEY (DEPARTMENTID) USING INDEX (CREATE UNIQUE INDEX ART_DEPARTMENT_PK ON ART_DEPARTMENT (DEPARTMENTID) TABLESPACE SYSTEM STORAGE (INITIAL 64 K
                                                                                                                                                                       NEXT 1 M
                                                                                                                                                                       MAXEXTENTS UNLIMITED) LOGGING)
)
TABLESPACE SYSTEM
STORAGE (INITIAL 64 K
         NEXT 1 M
         MAXEXTENTS UNLIMITED)
LOGGING;

COMMENT ON TABLE ART_DEPARTMENT IS 'Подразделение';

--
-- Create table "ART_WORKER"
--
CREATE TABLE ART_WORKER (
  WORKERID     NUMBER(*, 0) NOT NULL,
  HIREDATE     TIMESTAMP(6),
  FULLNAME     VARCHAR2(255 CHAR),
  DEPARTMENTID NUMBER(*, 0),
  POSITIONID   NUMBER(*, 0),
  CONSTRAINT PK_WORKERID PRIMARY KEY (WORKERID) USING INDEX (CREATE UNIQUE INDEX ART_WORKER_PK ON ART_WORKER (WORKERID) TABLESPACE SYSTEM STORAGE (INITIAL 64 K
                                                                                                                                                   NEXT 1 M
                                                                                                                                                   MAXEXTENTS UNLIMITED) LOGGING)
)
TABLESPACE SYSTEM
STORAGE (INITIAL 64 K
         NEXT 1 M
         MAXEXTENTS UNLIMITED)
LOGGING;

COMMENT ON TABLE ART_WORKER IS 'Работники';

--
-- Create foreign key "FK_WORKER_DEPARTMENTD" on table "ART_WORKER"
--
ALTER TABLE ART_WORKER
ADD CONSTRAINT FK_WORKER_DEPARTMENTD FOREIGN KEY (DEPARTMENTID)
REFERENCES ART_DEPARTMENT (DEPARTMENTID);

--
-- Create foreign key "FK_WORKER_POSITIONID" on table "ART_WORKER"
--
ALTER TABLE ART_WORKER
ADD CONSTRAINT FK_WORKER_POSITIONID FOREIGN KEY (POSITIONID)
REFERENCES ART_POSITION (POSITIONID);

--
-- Create table "ART_USER"
--
CREATE TABLE ART_USER (
  USERID   NUMBER(*, 0)       NOT NULL,
  LOGIN    VARCHAR2(255 CHAR) NOT NULL,
  PASSWORD VARCHAR2(255 CHAR) NOT NULL,
  WORKERID NUMBER(*, 0)       NOT NULL,
  CONSTRAINT PK_ART_USER_USERID PRIMARY KEY (USERID) USING INDEX (CREATE UNIQUE INDEX ART_USER_PK ON ART_USER (USERID) TABLESPACE SYSTEM STORAGE (INITIAL 64 K
                                                                                                                                                  NEXT 1 M
                                                                                                                                                  MAXEXTENTS UNLIMITED) LOGGING)
)
TABLESPACE SYSTEM
STORAGE (INITIAL 64 K
         NEXT 1 M
         MAXEXTENTS UNLIMITED)
LOGGING;

COMMENT ON TABLE ART_USER IS 'Пользователь';

--
-- Create foreign key "FK_USER_WORKERID" on table "ART_USER"
--
ALTER TABLE ART_USER
ADD CONSTRAINT FK_USER_WORKERID FOREIGN KEY (WORKERID)
REFERENCES ART_WORKER (WORKERID);

--
-- Create table "ART_STATUS"
--
CREATE TABLE ART_STATUS (
  STATUSID NUMBER(*, 0),
  NAME     VARCHAR2(255 CHAR),
  CONSTRAINT PK_ART_STATUS_STATUSID PRIMARY KEY (STATUSID) USING INDEX TABLESPACE SYSTEM STORAGE (INITIAL 64 K
                                                                                                  NEXT 1 M
                                                                                                  MAXEXTENTS UNLIMITED)
)
TABLESPACE SYSTEM
STORAGE (INITIAL 64 K
         NEXT 1 M
         MAXEXTENTS UNLIMITED)
LOGGING;

--
-- Create table "ART_SERVICE"
--
CREATE TABLE ART_SERVICE (
  SERVICEID   NUMBER(*, 0) NOT NULL,
  NAME        VARCHAR2(255 CHAR),
  DESCRIPTION VARCHAR2(255 BYTE),
  CONSTRAINT ART_SERVICE_PK PRIMARY KEY (SERVICEID) USING INDEX TABLESPACE SYSTEM STORAGE (INITIAL 64 K
                                                                                           NEXT 1 M
                                                                                           MAXEXTENTS UNLIMITED)
)
TABLESPACE SYSTEM
STORAGE (INITIAL 64 K
         NEXT 1 M
         MAXEXTENTS UNLIMITED)
LOGGING;

COMMENT ON TABLE ART_SERVICE IS 'Сервис';

--
-- Create table "ART_ROLE"
--
CREATE TABLE ART_ROLE (
  ROLEID NUMBER(*, 0)       NOT NULL,
  NAME   VARCHAR2(255 CHAR) NOT NULL,
  CONSTRAINT ART_ROLE_PK PRIMARY KEY (ROLEID) USING INDEX TABLESPACE SYSTEM STORAGE (INITIAL 64 K
                                                                                     NEXT 1 M
                                                                                     MAXEXTENTS UNLIMITED)
)
TABLESPACE SYSTEM
STORAGE (INITIAL 64 K
         NEXT 1 M
         MAXEXTENTS UNLIMITED)
LOGGING;

COMMENT ON TABLE ART_ROLE IS 'Роль';

--
-- Create table "ART_REQUEST"
--
CREATE TABLE ART_REQUEST (
  REQUESTID       NUMBER(*, 0) GENERATED ALWAYS AS IDENTITY (
  START WITH 101
  MAXVALUE 1000000000000000000000000000),
  WORKERID        NUMBER(*, 0),
  STATUSID        NUMBER(*, 0),
  ROLEID          NUMBER(*, 0),
  REQUESTDATE     TIMESTAMP(6),
  APPROVALDATE    TIMESTAMP(6),
  REJECTIONREASON VARCHAR2(255 BYTE),
  SERVICEID       NUMBER(*, 0),
  FULLNAME        VARCHAR2(255 BYTE),
  CONSTRAINT PK_REQUESTID PRIMARY KEY (REQUESTID) USING INDEX (CREATE UNIQUE INDEX ART_REQUEST_PK ON ART_REQUEST (REQUESTID) TABLESPACE SYSTEM STORAGE (INITIAL 64 K
                                                                                                                                                        NEXT 1 M
                                                                                                                                                        MAXEXTENTS UNLIMITED) LOGGING)
)
TABLESPACE SYSTEM
STORAGE (INITIAL 64 K
         NEXT 1 M
         MAXEXTENTS UNLIMITED)
LOGGING;

COMMENT ON TABLE ART_REQUEST IS 'Заявка';

--
-- Create foreign key "FK_REQUEST_ROLEID" on table "ART_REQUEST"
--
ALTER TABLE ART_REQUEST
ADD CONSTRAINT FK_REQUEST_ROLEID FOREIGN KEY (ROLEID)
REFERENCES ART_ROLE (ROLEID);

--
-- Create foreign key "FK_REQUEST_SERVICEID_SERVICE" on table "ART_REQUEST"
--
ALTER TABLE ART_REQUEST
ADD CONSTRAINT FK_REQUEST_SERVICEID_SERVICE FOREIGN KEY (SERVICEID)
REFERENCES ART_SERVICE (SERVICEID);

--
-- Create foreign key "FK_REQUEST_STATUSID" on table "ART_REQUEST"
--
ALTER TABLE ART_REQUEST
ADD CONSTRAINT FK_REQUEST_STATUSID FOREIGN KEY (STATUSID)
REFERENCES ART_STATUS (STATUSID);

--
-- Create foreign key "FK_REQUEST_WORKERID" on table "ART_REQUEST"
--
ALTER TABLE ART_REQUEST
ADD CONSTRAINT FK_REQUEST_WORKERID FOREIGN KEY (WORKERID)
REFERENCES ART_WORKER (WORKERID);

--
-- Create table "ART_ACCESS"
--
CREATE TABLE ART_ACCESS (
  ACCESSID    NUMBER(*, 0) GENERATED ALWAYS AS IDENTITY (
  START WITH 4
  MAXVALUE 1000000000),
  USERID      NUMBER(*, 0),
  SERVICEID   NUMBER(*, 0),
  ROLEID      NUMBER(*, 0),
  DESCRIPTION VARCHAR2(255 BYTE),
  CONSTRAINT PK_ACCESS PRIMARY KEY (ACCESSID) USING INDEX (CREATE UNIQUE INDEX ART_ACCESS_PK ON ART_ACCESS (ACCESSID) TABLESPACE SYSTEM STORAGE (INITIAL 64 K
                                                                                                                                                 NEXT 1 M
                                                                                                                                                 MAXEXTENTS UNLIMITED) LOGGING)
)
TABLESPACE SYSTEM
STORAGE (INITIAL 64 K
         NEXT 1 M
         MAXEXTENTS UNLIMITED)
LOGGING;

COMMENT ON TABLE ART_ACCESS IS 'Доступы';

--
-- Create foreign key "FK_ACCESS_ROLEID" on table "ART_ACCESS"
--
ALTER TABLE ART_ACCESS
ADD CONSTRAINT FK_ACCESS_ROLEID FOREIGN KEY (ROLEID)
REFERENCES ART_ROLE (ROLEID);

--
-- Create foreign key "FK_SERVICEID_SERVICE" on table "ART_ACCESS"
--
ALTER TABLE ART_ACCESS
ADD CONSTRAINT FK_SERVICEID_SERVICE FOREIGN KEY (SERVICEID)
REFERENCES ART_SERVICE (SERVICEID);

COMMIT;


-- 
-- Dumping data for table ART_POSITION
--
INSERT INTO ART_POSITION VALUES
(112, 'Зварювальник');
INSERT INTO ART_POSITION VALUES
(113, 'Токар');
INSERT INTO ART_POSITION VALUES
(114, 'Слюсар');
INSERT INTO ART_POSITION VALUES
(115, 'Електрик');
INSERT INTO ART_POSITION VALUES
(116, 'Маляр');
INSERT INTO ART_POSITION VALUES
(117, 'Кухар');
INSERT INTO ART_POSITION VALUES
(118, 'Штукатур');
INSERT INTO ART_POSITION VALUES
(119, 'Водій');
INSERT INTO ART_POSITION VALUES
(120, 'Оператор верстатів');
INSERT INTO ART_POSITION VALUES
(121, 'Інженер-технолог');
INSERT INTO ART_POSITION VALUES
(122, 'Менеджер з персоналу');

-- 
-- Dumping data for table ART_DEPARTMENT
--
INSERT INTO ART_DEPARTMENT VALUES
(778, 'Відділ продажу');
INSERT INTO ART_DEPARTMENT VALUES
(779, 'Відділ маркетингу');
INSERT INTO ART_DEPARTMENT VALUES
(780, 'Фінансовий відділ');
INSERT INTO ART_DEPARTMENT VALUES
(781, 'Відділ логістики');
INSERT INTO ART_DEPARTMENT VALUES
(782, 'Виробничий відділ');
INSERT INTO ART_DEPARTMENT VALUES
(783, 'Відділ якості');
INSERT INTO ART_DEPARTMENT VALUES
(784, 'Відділ обслуговування клієнтів');
INSERT INTO ART_DEPARTMENT VALUES
(785, 'Відділ кадрів');
INSERT INTO ART_DEPARTMENT VALUES
(786, 'IT-відділ');
INSERT INTO ART_DEPARTMENT VALUES
(787, 'Юридичний відділ');
INSERT INTO ART_DEPARTMENT VALUES
(788, 'Відділ досліджень і розвитку');

-- 
-- Dumping data for table ART_WORKER
--
INSERT INTO ART_WORKER VALUES
(1524, '03/10/2011 00:00:00.000000000', 'Сидоренко Олександр Олегович', 780, 114);
INSERT INTO ART_WORKER VALUES
(1525, '06/20/2012 00:00:00.000000000', 'Коваль Анна Петрівна', 781, 115);
INSERT INTO ART_WORKER VALUES
(1526, '09/12/2013 00:00:00.000000000', 'Шевчук Марія Михайлівна', 779, 116);
INSERT INTO ART_WORKER VALUES
(1527, '12/01/2014 00:00:00.000000000', 'Гриценко Олег Віталійович', 780, 117);
INSERT INTO ART_WORKER VALUES
(1528, '03/05/2015 00:00:00.000000000', 'Захаренко Олена Володимирівна', 781, 118);
INSERT INTO ART_WORKER VALUES
(1529, '07/25/2016 00:00:00.000000000', 'Бойко Дмитро Сергійович', 779, 119);
INSERT INTO ART_WORKER VALUES
(1530, '11/15/2017 00:00:00.000000000', 'Павленко Тетяна Ігорівна', 780, 120);
INSERT INTO ART_WORKER VALUES
(1531, '02/28/2018 00:00:00.000000000', 'Романенко Ірина Андріївна', 781, 121);
INSERT INTO ART_WORKER VALUES
(1532, '06/10/2019 00:00:00.000000000', 'Коваленко Василь Олександрович', 779, 122);
INSERT INTO ART_WORKER VALUES
(1522, '01/25/2010 00:00:00.000000000', 'Петров Петро Петрович', 778, 112);
INSERT INTO ART_WORKER VALUES
(1523, '02/15/2010 00:00:00.000000000', 'Іваненко Іван Іванович', 779, 113);

-- 
-- Dumping data for table ART_STATUS
--
INSERT INTO ART_STATUS VALUES
(1, 'Запис доступу');
INSERT INTO ART_STATUS VALUES
(2, 'Дозвіл власника');
INSERT INTO ART_STATUS VALUES
(3, 'Заборона власника');
INSERT INTO ART_STATUS VALUES
(4, 'Дозвіл адміністратора');
INSERT INTO ART_STATUS VALUES
(5, 'Заборона адміністратора');

-- 
-- Dumping data for table ART_SERVICE
--
INSERT INTO ART_SERVICE VALUES
(1, 'Інформаційний Відділ', 'Програмісти, печиво та чай');
INSERT INTO ART_SERVICE VALUES
(2, 'Технічний відділ', 'Інженри, зварювальники, веселі історії');
INSERT INTO ART_SERVICE VALUES
(3, 'Рекламний відділ', 'реклама, тренди та дедлайни');
INSERT INTO ART_SERVICE VALUES
(4, 'Сервіс 4', 'сервіс 4');
INSERT INTO ART_SERVICE VALUES
(5, 'сервіс 5', 'сервіс 5');

-- 
-- Dumping data for table ART_ROLE
--
INSERT INTO ART_ROLE VALUES
(1, 'Працівник');
INSERT INTO ART_ROLE VALUES
(2, 'Власник');
INSERT INTO ART_ROLE VALUES
(3, 'Адміністратор');

-- 
-- Dumping data for table ART_USER
--
INSERT INTO ART_USER VALUES
(1, 'user1', 'user1', 1522);
INSERT INTO ART_USER VALUES
(2, 'user2', 'user2', 1523);
INSERT INTO ART_USER VALUES
(3, 'user3', 'user3', 1524);
INSERT INTO ART_USER VALUES
(4, 'user4', 'user4', 1525);

-- 
-- Dumping data for table ART_REQUEST
--
INSERT INTO ART_REQUEST VALUES
(104, 1522, 1, 1, '01/07/2025 07:57:17.368000000', NULL, NULL, 1, 'Петров Петро Петрович');
INSERT INTO ART_REQUEST VALUES
(121, 1522, 1, 1, '01/09/2025 17:46:30.401000000', NULL, NULL, 1, 'Петров Петро Петрович');
INSERT INTO ART_REQUEST VALUES
(122, 1522, 1, 1, '01/09/2025 17:46:36.107000000', NULL, NULL, 1, 'Петров Петро Петрович');
INSERT INTO ART_REQUEST VALUES
(123, 1522, 1, 1, '01/09/2025 17:49:12.855000000', NULL, NULL, 2, 'Петров Петро Петрович');

-- 
-- Dumping data for table ART_ACCESS
--
INSERT INTO ART_ACCESS VALUES
(7, 3, 1, 3, NULL);
INSERT INTO ART_ACCESS VALUES
(6, 2, 1, 2, NULL);

COMMIT;

-- 
-- Set default schema
--
DECLARE
  p VARCHAR2(255);
BEGIN 
  SELECT USER INTO p FROM DUAL;
  EXECUTE IMMEDIATE 'ALTER SESSION SET CURRENT_SCHEMA = ' || p;
END;
/